-- Insert Pokemon data
INSERT INTO pokemon (id, name, explanation, strength, picture) VALUES
(1, 'Pikachu', 'Derived from ''pika'' (the sound of electricity) and ''chu'' (the sound a mouse makes)', 85, 'https://raw.githubusercontent.com/PokeAPI/sprites/master/sprites/pokemon/other/official-artwork/25.png'),
(2, 'Charizard', 'Combination of ''char'' (to burn) and ''lizard''', 95, 'https://raw.githubusercontent.com/PokeAPI/sprites/master/sprites/pokemon/other/official-artwork/6.png'),
(3, 'Blastoise', 'Combination of ''blast'' and ''tortoise''', 92, 'https://raw.githubusercontent.com/PokeAPI/sprites/master/sprites/pokemon/other/official-artwork/9.png'),
(4, 'Bulbasaur', 'Combination of ''bulb'' and ''dinosaur''', 70, 'https://raw.githubusercontent.com/PokeAPI/sprites/master/sprites/pokemon/other/official-artwork/1.png'),
(5, 'Mewtwo', 'Combination of ''mew'' (cat sound) and ''two'' (second clone)', 100, 'https://raw.githubusercontent.com/PokeAPI/sprites/master/sprites/pokemon/other/official-artwork/150.png'),
(6, 'Gyarados', 'Possibly from ''gyaku'' (cruel) and ''dos'' (two), or based on destruction', 90, 'https://raw.githubusercontent.com/PokeAPI/sprites/master/sprites/pokemon/other/official-artwork/130.png'),
(7, 'Dragonite', 'Combination of ''dragon'' and ''knight''', 96, 'https://raw.githubusercontent.com/PokeAPI/sprites/master/sprites/pokemon/other/official-artwork/149.png'),
(8, 'Eevee', 'Derived from ''evolution'' representing its evolutionary versatility', 65, 'https://raw.githubusercontent.com/PokeAPI/sprites/master/sprites/pokemon/other/official-artwork/133.png'),
(9, 'Gengar', 'Possibly from ''doppelgänger'' (ghostly double)', 88, 'https://raw.githubusercontent.com/PokeAPI/sprites/master/sprites/pokemon/other/official-artwork/94.png'),
(10, 'Snorlax', 'Combination of ''snore'' and ''relax''', 82, 'https://raw.githubusercontent.com/PokeAPI/sprites/master/sprites/pokemon/other/official-artwork/143.png'),
(11, 'Alakazam', 'Based on ''abracadabra'' and ''Alakazam'' (magic words)', 83, 'https://raw.githubusercontent.com/PokeAPI/sprites/master/sprites/pokemon/other/official-artwork/65.png'),
(12, 'Machamp', 'Combination of ''macho'' and ''champion''', 86, 'https://raw.githubusercontent.com/PokeAPI/sprites/master/sprites/pokemon/other/official-artwork/68.png');

-- Insert Pokemon powers
INSERT INTO pokemon_powers (pokemon_id, power) VALUES
(1, 'Thunder Shock'),
(1, 'Quick Attack'),
(1, 'Electro Ball'),
(1, 'Iron Tail'),
(2, 'Flamethrower'),
(2, 'Dragon Claw'),
(2, 'Air Slash'),
(2, 'Fire Blast'),
(3, 'Hydro Pump'),
(3, 'Ice Beam'),
(3, 'Skull Bash'),
(3, 'Water Gun'),
(4, 'Vine Whip'),
(4, 'Razor Leaf'),
(4, 'Solar Beam'),
(4, 'Sleep Powder'),
(5, 'Psystrike'),
(5, 'Shadow Ball'),
(5, 'Aura Sphere'),
(5, 'Psychic'),
(6, 'Hydro Pump'),
(6, 'Dragon Dance'),
(6, 'Earthquake'),
(6, 'Ice Fang'),
(7, 'Dragon Rush'),
(7, 'Outrage'),
(7, 'Hurricane'),
(7, 'Fire Punch'),
(8, 'Quick Attack'),
(8, 'Bite'),
(8, 'Swift'),
(8, 'Take Down'),
(9, 'Shadow Ball'),
(9, 'Sludge Bomb'),
(9, 'Dream Eater'),
(9, 'Hypnosis'),
(10, 'Body Slam'),
(10, 'Rest'),
(10, 'Crunch'),
(10, 'Hyper Beam'),
(11, 'Psychic'),
(11, 'Future Sight'),
(11, 'Shadow Ball'),
(11, 'Focus Blast'),
(12, 'Dynamic Punch'),
(12, 'Cross Chop'),
(12, 'Stone Edge'),
(12, 'Earthquake');

-- Insert Pokemon tips
INSERT INTO pokemon_tips (pokemon_id, tip) VALUES
(1, 'Use ground-type moves'),
(1, 'Lower its speed first'),
(1, 'Great Ball recommended'),
(1, 'Paralysis helps capture'),
(2, 'Use water or rock type moves'),
(2, 'Ultra Ball highly recommended'),
(2, 'Watch out for powerful fire attacks'),
(2, 'Best caught at dusk'),
(3, 'Electric or grass moves are effective'),
(3, 'Use Ultra Ball'),
(3, 'Weaken it significantly first'),
(3, 'Morning time is best'),
(4, 'Fire or flying type moves work well'),
(4, 'Great Ball should suffice'),
(4, 'Status effects help'),
(4, 'Found in grassy areas'),
(5, 'Master Ball strongly recommended'),
(5, 'Dark type moves are effective'),
(5, 'Extremely difficult to catch'),
(5, 'Save before attempting'),
(6, 'Electric moves are super effective'),
(6, 'Ultra Ball required'),
(6, 'Reduce HP to red zone'),
(6, 'Be patient, it''s aggressive'),
(7, 'Ice type moves are very effective'),
(7, 'Ultra Ball minimum'),
(7, 'Sleep or paralysis recommended'),
(7, 'Stock up on healing items'),
(8, 'Fighting moves work well'),
(8, 'Great Ball is enough'),
(8, 'Easy to catch'),
(8, 'Found in various locations'),
(9, 'Psychic or ground moves recommended'),
(9, 'Ultra Ball suggested'),
(9, 'Night time is best'),
(9, 'Immune to normal moves'),
(10, 'Fighting moves are effective'),
(10, 'Use Ultra Ball'),
(10, 'Wake it up with Poke Flute'),
(10, 'Very high HP, be patient'),
(11, 'Dark or bug type moves'),
(11, 'Ultra Ball recommended'),
(11, 'High special defense needed'),
(11, 'Very low physical defense'),
(12, 'Psychic or flying moves work best'),
(12, 'Ultra Ball needed'),
(12, 'Watch for powerful punches'),
(12, 'Best caught with status effect');
